Rk,School,G,OverallW,OverallL,W-L%,SRS,SOS,,ConfW,ConfL,,HomeW,HomeL,,AwayW,AwayL,,TeamPoints,OppPoints,,OppMP,OppFG,OppFGA,OppFG%,Opp3P,Opp3PA,Opp3P%,OppFT,OppFTA,OppFT%,OppORB,OppTRB,OppAST,OppSTL,OppBLK,OppTOV,OppPF
1,Abilene Christian NCAA,29,24,5,.828,6.24,-6.40,,13,2,,13,0,,5,4,,2196,1753,,1160,601,1488,.404,161,520,.310,390,573,.681,263,985,299,189,110,578,580
2,Air Force,25,5,20,.200,-12.65,0.55,,3,17,,3,8,,1,10,,1468,1798,,1000,654,1309,.500,194,530,.366,296,430,.688,258,865,368,150,53,348,418
3,Akron,23,15,8,.652,1.99,-1.82,,12,6,,9,1,,5,5,,1798,1660,,930,621,1435,.433,151,486,.311,267,375,.712,253,837,279,129,51,274,422
4,Alabama A&M,15,6,9,.400,-18.85,-14.98,,4,9,,5,2,,1,7,,950,1008,,610,350,891,.393,84,297,.283,224,333,.673,172,582,188,121,40,192,251
5,Alabama-Birmingham,29,22,7,.759,6.00,-3.63,,13,5,,15,2,,6,4,,2105,1748,,1160,633,1566,.404,181,569,.318,301,434,.694,252,994,310,122,105,478,477
6,Alabama State,18,4,14,.222,-24.29,-16.96,,4,14,,3,6,,1,8,,1156,1288,,720,456,1042,.438,108,332,.325,268,385,.696,188,677,227,139,75,268,388
7,Alabama NCAA,32,26,6,.813,20.13,9.94,,16,2,,12,1,,7,3,,2551,2225,,1280,808,1979,.408,195,675,.289,414,605,.684,366,1212,356,253,154,498,578
8,Albany (NY),16,7,9,.438,-4.42,-5.11,,6,6,,4,5,,2,4,,1110,1099,,640,402,894,.450,114,330,.345,181,262,.691,139,522,196,90,64,233,295
9,Alcorn State,19,6,13,.316,-19.64,-10.11,,6,7,,4,3,,2,9,,1256,1437,,760,483,992,.487,134,387,.346,337,497,.678,175,663,280,128,79,299,338
10,American,10,4,6,.400,-6.16,-1.66,,4,5,,2,2,,2,4,,691,736,,420,268,584,.459,50,172,.291,150,224,.670,106,351,117,85,25,125,156
11,Appalachian State NCAA,29,17,12,.586,-5.73,-5.61,,7,8,,9,4,,4,7,,2039,1860,,1185,689,1648,.418,202,622,.325,280,394,.711,269,1020,346,164,125,405,507
12,Arizona State,25,11,14,.440,7.21,9.97,,7,10,,7,6,,2,6,,1858,1927,,1010,671,1460,.460,192,530,.362,393,527,.746,257,990,373,139,80,380,455
13,Arizona,26,17,9,.654,14.73,7.88,,11,9,,12,4,,5,5,,1961,1783,,1050,631,1470,.429,184,539,.341,337,477,.706,220,812,292,140,72,322,524
14,Little Rock,26,11,15,.423,-6.30,-5.34,,7,11,,7,4,,2,8,,1786,1782,,1050,645,1476,.437,201,582,.345,291,402,.724,241,820,347,172,77,362,482
15,Arkansas-Pine Bluff,25,4,21,.160,-22.74,-7.86,,3,12,,2,3,,2,17,,1549,1921,,1010,680,1434,.474,191,478,.400,370,549,.674,263,922,404,207,95,322,472
16,Arkansas State,24,11,13,.458,-7.95,-5.85,,7,8,,9,3,,1,9,,1741,1667,,965,608,1431,.425,160,479,.334,291,393,.740,239,806,294,163,101,301,425
17,Arkansas NCAA,30,24,6,.800,18.42,6.85,,13,4,,16,1,,5,4,,2460,2113,,1205,757,1835,.413,232,692,.335,367,538,.682,298,1080,360,197,107,461,572
18,Army,22,12,10,.545,0.23,0.80,,7,7,,5,5,,5,3,,1578,1529,,885,560,1276,.439,184,518,.355,225,310,.726,185,775,283,154,74,303,375
19,Auburn,27,13,14,.481,10.09,9.35,,7,11,,8,5,,3,8,,2084,2064,,1090,748,1708,.438,198,606,.327,370,540,.685,329,980,340,236,101,369,535
20,Austin Peay,27,14,13,.519,-6.54,-8.10,,10,10,,8,5,,4,6,,2007,1890,,1090,687,1457,.472,194,541,.359,322,477,.675,249,856,312,210,70,436,489
21,Ball State,23,10,13,.435,-1.82,-1.08,,8,9,,7,4,,3,8,,1719,1736,,930,611,1419,.431,167,538,.310,347,506,.686,272,867,289,168,61,288,409
22,Baylor NCAA,26,24,2,.923,23.12,5.12,,13,1,,11,0,,7,1,,2180,1712,,1045,619,1438,.430,168,499,.337,306,443,.691,265,836,321,153,104,454,434
23,Bellarmine,22,14,8,.636,-1.61,-5.41,,10,3,,6,4,,7,2,,1634,1456,,880,514,1142,.450,204,541,.377,224,318,.704,179,645,292,117,62,332,349
24,Belmont,30,26,4,.867,3.59,-8.58,,18,2,,11,1,,10,2,,2439,2074,,1205,773,1813,.426,223,660,.338,305,448,.681,307,1054,386,189,110,441,489
25,Binghamton,18,4,14,.222,-12.13,-5.24,,4,10,,1,9,,3,5,,1178,1302,,735,466,1037,.449,137,373,.367,233,325,.717,171,637,217,121,45,199,283
26,Boise State,28,19,9,.679,10.01,1.98,,14,6,,11,1,,6,6,,2122,1868,,1125,684,1588,.431,182,551,.330,318,437,.728,223,914,313,149,68,401,540
27,Boston College,20,4,16,.200,1.12,9.27,,2,11,,3,5,,0,7,,1427,1590,,805,593,1208,.491,154,435,.354,250,351,.712,193,743,297,136,68,267,347
28,Boston University,18,7,11,.389,-3.53,1.03,,6,10,,2,6,,5,5,,1249,1331,,720,495,1048,.472,132,367,.360,209,312,.670,159,605,236,116,47,185,305
29,Bowling Green State,26,14,12,.538,-0.04,-2.24,,10,8,,4,7,,10,3,,2015,1939,,1050,703,1584,.444,205,615,.333,328,466,.704,282,1022,347,138,99,358,438
30,Bradley,28,12,16,.429,0.54,1.38,,6,12,,8,6,,2,9,,1948,1864,,1130,654,1570,.417,253,683,.370,303,457,.663,258,944,360,182,59,336,395
31,Brigham Young NCAA,27,20,7,.741,15.23,7.27,,10,3,,11,2,,7,2,,2109,1853,,1095,669,1627,.411,188,570,.330,327,480,.681,239,876,312,169,54,306,500
32,Brown,0,0,0,,,,,0,0,,0,0,,0,0,,,,,,,,,,,,,,,,,,,,,
33,Bryant,22,15,7,.682,-1.21,-7.11,,10,4,,10,1,,5,5,,1843,1664,,880,609,1480,.411,164,570,.288,282,400,.705,279,849,325,160,81,302,420
34,Bucknell,12,5,7,.417,-7.61,-5.19,,4,6,,2,3,,3,4,,899,928,,480,334,763,.438,89,247,.360,171,223,.767,128,443,184,84,38,138,210
35,Buffalo,25,16,9,.640,6.70,-1.39,,12,5,,8,3,,5,3,,2034,1823,,1010,663,1600,.414,151,527,.287,346,452,.765,265,890,326,161,76,327,426
36,Butler,25,10,15,.400,4.98,10.14,,8,12,,8,4,,1,9,,1588,1717,,1015,633,1362,.465,179,512,.350,272,388,.701,194,848,345,128,92,307,418
37,Cal Poly,24,4,20,.167,-13.54,-1.49,,1,15,,3,8,,0,11,,1477,1700,,965,597,1358,.440,161,456,.353,345,487,.708,239,899,309,174,76,308,413
38,Cal State Bakersfield,26,15,11,.577,-0.10,-2.35,,11,7,,9,2,,6,8,,1811,1665,,1045,556,1303,.427,183,534,.343,370,524,.706,209,746,313,151,75,369,419
39,Cal State Fullerton,16,6,10,.375,-6.26,-3.00,,5,9,,5,4,,1,5,,1232,1257,,645,467,982,.476,133,339,.392,190,268,.709,158,579,269,109,53,222,306
40,Cal State Northridge,22,9,13,.409,-8.66,-1.94,,5,9,,4,7,,4,4,,1586,1709,,885,601,1284,.468,184,514,.358,323,425,.760,211,824,329,131,52,291,397
41,California Baptist,23,13,10,.565,-5.28,-5.07,,6,6,,11,4,,2,5,,1820,1674,,925,600,1359,.442,157,451,.348,317,482,.658,213,754,316,147,53,275,437
42,UC-Davis,18,10,8,.556,-5.77,-4.19,,7,5,,4,3,,4,3,,1295,1289,,735,448,962,.466,118,337,.350,275,385,.714,155,597,238,112,61,307,358
43,UC-Irvine,27,18,9,.667,3.52,-0.80,,13,4,,10,1,,6,6,,1950,1712,,1090,603,1559,.387,204,624,.327,302,430,.702,236,862,333,190,64,358,459
44,UC-Riverside,22,14,8,.636,4.14,-2.40,,10,5,,5,4,,7,3,,1544,1400,,890,506,1258,.402,140,440,.318,248,359,.691,190,723,240,108,60,244,322
45,UC-San Diego,17,7,10,.412,-6.90,1.02,,4,10,,7,3,,0,7,,1214,1226,,685,473,1033,.458,123,346,.355,157,220,.714,170,642,263,117,43,239,240
46,UC-Santa Barbara NCAA,27,22,5,.815,7.87,-2.01,,15,3,,11,0,,8,4,,2051,1696,,1090,623,1480,.421,157,475,.331,293,393,.746,202,803,288,124,58,373,479
47,University of California,29,9,20,.310,4.57,9.43,,3,17,,6,8,,1,11,,1897,2008,,1160,723,1557,.464,190,508,.374,372,521,.714,220,941,372,178,82,336,495
48,Campbell,27,17,10,.630,-6.65,-7.17,,11,6,,9,3,,6,7,,1917,1840,,1095,673,1466,.459,171,555,.308,323,447,.723,261,894,294,153,60,389,482
49,Canisius,13,7,6,.538,-8.44,-7.67,,7,5,,3,1,,4,4,,915,925,,520,338,747,.452,79,232,.341,170,236,.720,117,475,149,70,45,188,236
50,Central Arkansas,24,5,19,.208,-14.95,-2.08,,4,12,,4,5,,1,14,,1701,1933,,960,694,1527,.454,218,587,.371,327,446,.733,245,850,397,224,81,285,414
51,Central Connecticut State,21,5,16,.238,-14.98,-6.12,,5,13,,3,6,,2,9,,1439,1625,,840,592,1260,.470,174,495,.352,267,383,.697,235,821,339,162,62,303,338
52,Central Florida,23,11,12,.478,5.82,8.04,,8,10,,6,3,,4,8,,1546,1597,,925,564,1311,.430,165,504,.327,304,440,.691,252,801,321,159,61,307,378
53,Central Michigan,23,7,16,.304,-12.21,-4.06,,3,13,,5,7,,2,9,,1766,1835,,920,668,1466,.456,201,582,.345,298,395,.754,260,890,351,145,87,320,444
54,Charleston Southern,21,3,18,.143,-16.55,-6.05,,2,15,,1,9,,2,8,,1375,1550,,845,555,1251,.444,160,466,.343,280,425,.659,248,793,273,185,79,276,368
55,Charlotte,25,9,16,.360,-5.53,-2.28,,5,11,,6,7,,3,8,,1587,1668,,1025,622,1387,.448,175,536,.326,249,326,.764,196,798,332,173,88,311,398
56,Chattanooga,26,18,8,.692,-1.39,-2.76,,9,7,,9,3,,9,4,,1888,1801,,1050,688,1510,.456,178,537,.331,247,351,.704,215,907,338,135,98,344,415
57,Chicago State,9,0,9,.000,-31.64,1.58,,0,0,,0,0,,0,7,,499,798,,360,295,558,.529,81,205,.395,127,183,.694,110,382,174,58,26,104,132
58,Cincinnati,23,12,11,.522,3.97,7.19,,8,6,,5,5,,5,5,,1585,1659,,920,568,1300,.437,153,456,.336,370,492,.752,199,795,319,158,84,305,401
59,Citadel,25,13,12,.520,-5.92,-1.30,,5,11,,11,3,,1,8,,2019,1959,,1000,727,1626,.447,175,562,.311,330,435,.759,236,931,324,175,74,281,462
60,Clemson NCAA,24,16,8,.667,12.80,9.80,,10,6,,11,1,,2,5,,1558,1486,,965,529,1265,.418,173,518,.334,255,366,.697,212,787,269,157,74,338,366
61,Cleveland State NCAA,27,19,8,.704,-5.00,-4.71,,16,4,,9,2,,8,5,,1914,1922,,1105,651,1532,.425,199,649,.307,421,576,.731,309,956,342,173,78,373,449
62,Coastal Carolina,26,18,8,.692,-2.62,-7.49,,9,5,,12,1,,3,5,,2067,1773,,1050,619,1588,.390,223,720,.310,312,457,.683,271,873,329,204,63,363,474
63,Colgate NCAA,16,14,2,.875,13.87,-1.69,,11,1,,8,1,,6,0,,1363,1114,,645,417,1016,.410,97,368,.264,183,267,.685,164,560,177,88,46,191,282
64,College of Charleston,19,9,10,.474,-4.80,-2.97,,6,4,,8,6,,1,3,,1341,1329,,780,465,1045,.445,150,416,.361,249,344,.724,162,638,241,91,57,222,308
65,Colorado State,26,20,6,.769,9.16,0.60,,14,4,,10,1,,6,4,,1931,1705,,1040,624,1510,.413,198,658,.301,259,404,.641,255,867,330,160,85,360,477
66,Colorado NCAA,32,23,9,.719,18.61,9.29,,14,6,,11,1,,6,6,,2340,2042,,1280,734,1745,.421,204,612,.333,370,507,.730,270,979,358,152,93,420,529
67,Columbia,0,0,0,,,,,0,0,,0,0,,0,0,,,,,,,,,,,,,,,,,,,,,
68,Connecticut NCAA,23,15,8,.652,15.96,8.79,,11,6,,7,3,,6,3,,1650,1485,,925,514,1243,.414,134,414,.324,323,457,.707,233,762,242,125,63,299,392
69,Coppin State,22,9,13,.409,-12.20,-5.88,,8,4,,5,3,,4,9,,1602,1741,,880,627,1506,.416,189,614,.308,298,407,.732,304,1027,306,159,62,357,451
70,Cornell,0,0,0,,,,,0,0,,0,0,,0,0,,,,,,,,,,,,,,,,,,,,,
71,Creighton NCAA,30,22,8,.733,16.67,8.07,,14,6,,11,3,,7,4,,2290,2032,,1210,737,1832,.402,226,718,.315,332,472,.703,324,1102,383,167,85,373,484
72,Dartmouth,0,0,0,,,,,0,0,,0,0,,0,0,,,,,,,,,,,,,,,,,,,,,
73,Davidson,22,13,9,.591,9.13,3.51,,7,4,,7,4,,4,2,,1579,1411,,885,502,1176,.427,162,481,.337,245,337,.727,157,659,238,104,49,230,352
74,Dayton,24,14,10,.583,6.33,4.37,,9,7,,8,3,,4,6,,1674,1627,,985,607,1432,.424,174,542,.321,239,377,.634,258,796,306,135,70,285,405
75,Delaware State,19,3,16,.158,-23.91,-6.15,,1,11,,3,6,,0,10,,1345,1629,,765,554,1183,.468,161,452,.356,360,509,.707,223,781,300,161,77,280,349
76,Delaware,15,7,8,.467,-5.05,-4.90,,5,4,,6,3,,1,4,,1013,1012,,600,361,856,.422,101,294,.344,189,263,.719,138,494,160,97,39,172,269
77,Denver,21,2,19,.095,-16.54,-5.94,,1,13,,2,10,,0,9,,1466,1662,,850,560,1174,.477,173,453,.382,369,479,.770,171,722,237,136,70,286,418
78,DePaul,19,5,14,.263,2.87,9.03,,2,13,,2,8,,2,5,,1250,1367,,770,470,1127,.417,141,457,.309,286,398,.719,225,715,262,139,75,274,306
79,Detroit Mercy,22,12,10,.545,-3.55,-6.09,,10,6,,7,5,,5,5,,1683,1627,,885,607,1311,.463,205,557,.368,208,294,.707,212,746,377,120,59,279,353
80,Dixie State,21,8,13,.381,-14.02,-3.44,,4,10,,5,7,,3,6,,1461,1603,,840,581,1285,.452,143,467,.306,298,449,.664,246,836,309,155,75,307,407
81,Drake NCAA,31,26,5,.839,9.60,-0.30,,15,3,,14,1,,9,2,,2354,1999,,1250,725,1718,.422,193,618,.312,356,495,.719,266,967,336,170,97,392,437
82,Drexel NCAA,20,12,8,.600,-0.82,-3.77,,4,5,,3,2,,4,5,,1407,1348,,800,504,1124,.448,119,372,.320,221,297,.744,158,596,214,123,63,210,306
83,Duke,24,13,11,.542,13.31,8.60,,9,9,,8,5,,3,6,,1824,1711,,970,623,1368,.455,157,441,.356,308,436,.706,236,809,304,152,93,332,362
84,Duquesne,18,9,9,.500,2.41,2.58,,7,7,,5,2,,2,5,,1205,1208,,720,422,1011,.417,112,395,.284,252,359,.702,193,649,240,122,56,241,298
85,East Carolina,19,8,11,.421,0.91,3.74,,2,10,,7,6,,1,4,,1269,1291,,765,437,1032,.423,141,439,.321,276,388,.711,174,681,245,126,61,277,330
86,East Tennessee State,25,13,12,.520,1.81,0.47,,8,7,,8,4,,3,5,,1736,1654,,1005,573,1370,.418,211,617,.342,297,429,.692,223,823,321,161,77,344,421
87,Eastern Illinois,27,9,18,.333,-12.60,-7.08,,6,14,,5,7,,4,11,,1874,2023,,1095,722,1601,.451,217,597,.363,362,497,.728,276,985,400,200,80,361,408
88,Eastern Kentucky,29,22,7,.759,-2.55,-8.10,,15,5,,10,2,,9,4,,2372,2137,,1180,770,1735,.444,201,619,.325,396,546,.725,305,1144,442,179,81,555,479
89,Eastern Michigan,18,6,12,.333,-14.10,-1.10,,3,11,,5,4,,1,8,,1267,1362,,720,506,1057,.479,169,455,.371,181,268,.675,176,679,320,108,41,278,297
90,Eastern Washington NCAA,24,16,8,.667,3.97,-3.21,,12,3,,7,2,,6,5,,1879,1690,,960,617,1479,.417,166,529,.314,290,401,.723,229,826,278,138,53,279,438
91,Elon,19,10,9,.526,-5.17,-4.28,,4,7,,4,2,,3,6,,1249,1235,,760,421,985,.427,129,405,.319,264,402,.657,136,635,185,119,62,235,301
92,Evansville,25,9,16,.360,-4.62,0.23,,7,11,,8,4,,1,10,,1619,1740,,1015,645,1255,.514,150,366,.410,300,431,.696,165,800,280,129,56,289,399
93,Fairfield,27,10,17,.370,-11.30,-6.41,,7,11,,4,8,,3,8,,1668,1800,,1090,663,1517,.437,165,506,.326,309,466,.663,248,926,330,165,94,290,508
94,Fairleigh Dickinson,24,9,15,.375,-10.02,-6.31,,8,10,,4,6,,5,9,,1801,1890,,970,680,1460,.466,188,562,.335,342,495,.691,282,889,397,168,80,337,412
95,Florida A&M,20,8,12,.400,-12.23,-9.43,,7,5,,4,1,,4,10,,1314,1370,,800,496,1161,.427,120,421,.285,258,393,.656,233,708,239,147,53,304,347
96,Florida Atlantic,23,13,10,.565,-1.85,-4.75,,7,5,,7,1,,4,7,,1796,1537,,925,533,1288,.414,160,470,.340,311,447,.696,193,749,239,125,60,327,392
97,Florida Gulf Coast,18,10,8,.556,-9.50,-7.00,,4,4,,7,4,,2,2,,1292,1242,,720,461,1095,.421,128,409,.313,192,279,.688,191,675,213,128,63,260,284
98,Florida International,26,9,17,.346,-11.02,-3.07,,2,15,,7,8,,2,9,,1914,1985,,1055,725,1535,.472,175,486,.360,360,505,.713,285,995,335,183,72,431,393
99,Florida State NCAA,24,18,6,.750,17.89,8.85,,11,4,,12,1,,3,4,,1871,1654,,970,553,1406,.393,185,568,.326,363,492,.738,281,789,280,170,66,335,405
100,Florida NCAA,25,15,10,.600,13.85,9.97,,9,7,,6,3,,5,5,,1854,1757,,1005,616,1458,.422,162,528,.307,363,512,.709,276,831,316,189,83,357,444
101,Fordham,14,2,12,.143,-11.60,3.18,,2,11,,2,5,,0,6,,725,932,,560,332,763,.435,122,365,.334,146,212,.689,140,539,217,95,37,173,210
102,Fresno State,24,12,12,.500,-3.16,0.47,,9,11,,7,5,,4,6,,1591,1618,,965,567,1309,.433,175,501,.349,309,422,.732,202,774,264,160,76,314,447
103,Furman,25,16,9,.640,6.16,-1.53,,10,5,,11,1,,5,7,,1990,1723,,1005,635,1440,.441,181,559,.324,272,423,.643,228,825,326,179,69,370,366
104,Gardner-Webb,26,11,15,.423,-3.67,-5.94,,10,10,,7,4,,4,11,,1837,1778,,1040,598,1434,.417,199,583,.341,383,523,.732,256,913,334,142,82,317,429
105,George Mason,22,13,9,.591,2.01,0.58,,8,6,,7,3,,3,4,,1569,1538,,905,558,1275,.438,162,456,.355,260,359,.724,186,774,247,144,57,310,370
106,George Washington,17,5,12,.294,-5.64,-1.46,,3,5,,3,6,,1,5,,1158,1229,,685,463,1034,.448,129,377,.342,174,258,.674,178,598,252,122,62,197,274
107,Georgetown NCAA,26,13,13,.500,10.34,10.57,,7,9,,7,6,,2,6,,1857,1863,,1045,679,1609,.422,217,642,.338,288,416,.692,269,905,390,197,73,298,447
108,Georgia Southern,26,13,13,.500,-10.10,-6.15,,7,9,,9,4,,4,8,,1860,1762,,1070,622,1469,.423,201,575,.350,317,448,.708,258,894,274,186,72,410,435
109,Georgia State,22,16,6,.727,-1.58,-4.48,,8,4,,9,1,,5,4,,1767,1599,,900,554,1342,.413,185,547,.338,306,439,.697,265,814,268,138,63,324,384
110,Georgia Tech NCAA,26,17,9,.654,13.12,8.24,,11,6,,11,3,,4,5,,1948,1821,,1065,668,1455,.459,189,513,.368,296,420,.705,251,890,368,141,73,408,394
111,Georgia,26,14,12,.538,6.78,8.18,,7,11,,12,5,,2,6,,2014,2027,,1045,736,1609,.457,204,601,.339,351,499,.703,300,943,355,223,116,431,500
112,Gonzaga NCAA,28,28,0,1.000,27.48,4.02,,15,0,,12,0,,7,0,,2580,1923,,1120,713,1709,.417,190,585,.325,307,439,.699,235,844,318,167,83,421,556
113,Grambling,24,12,12,.500,-14.30,-12.52,,9,6,,6,4,,5,7,,1617,1649,,965,558,1399,.399,181,533,.340,352,529,.665,271,879,348,184,109,359,441
114,Grand Canyon NCAA,24,17,7,.708,5.08,-3.49,,9,3,,10,3,,5,1,,1812,1491,,960,521,1360,.383,168,570,.295,281,397,.708,198,728,241,136,51,279,430
115,Green Bay,25,8,17,.320,-10.05,-5.13,,8,12,,6,6,,2,11,,1790,1913,,1030,695,1468,.473,182,503,.362,341,468,.729,241,899,312,142,67,294,406
116,Hampton,25,11,14,.440,-13.51,-9.11,,9,9,,5,7,,6,7,,1721,1831,,1000,637,1487,.428,190,562,.338,367,527,.696,301,992,318,161,68,314,379
117,Hartford NCAA,24,15,9,.625,-3.40,-4.90,,8,6,,10,1,,5,6,,1570,1534,,960,574,1375,.417,163,562,.290,223,335,.666,245,840,278,138,83,322,388
118,Harvard,0,0,0,,,,,0,0,,0,0,,0,0,,,,,,,,,,,,,,,,,,,,,
119,Hawaii,21,11,10,.524,-2.92,-2.66,,9,9,,7,5,,4,4,,1503,1452,,855,541,1220,.443,121,370,.327,249,342,.728,174,674,220,148,58,254,383
120,High Point,24,9,15,.375,-10.62,-7.41,,6,11,,5,5,,4,10,,1600,1677,,965,582,1311,.444,209,589,.355,304,447,.680,225,817,339,150,102,327,462
121,Hofstra,23,13,10,.565,-2.63,-2.80,,8,6,,7,3,,5,6,,1683,1679,,925,618,1383,.447,178,527,.338,265,357,.742,234,816,373,136,72,277,420
122,Holy Cross,16,5,11,.313,-4.81,0.63,,5,11,,2,7,,3,4,,1130,1217,,645,436,934,.467,110,309,.356,235,329,.714,171,587,212,111,51,210,254
123,Houston Baptist,25,6,19,.240,-16.71,-5.71,,4,11,,4,6,,1,12,,1776,2007,,1005,740,1573,.470,208,605,.344,319,444,.718,281,952,391,224,79,356,446
124,Houston NCAA,29,26,3,.897,22.01,4.09,,14,3,,15,0,,5,3,,2246,1678,,1160,556,1490,.373,159,562,.283,407,615,.662,285,917,291,145,75,422,505
125,Howard,5,1,4,.200,-14.13,-2.38,,0,0,,1,1,,0,0,,363,424,,200,156,333,.468,49,137,.358,63,101,.624,60,198,98,41,15,44,97
126,Idaho State,24,13,11,.542,-8.44,-5.75,,8,6,,8,3,,5,5,,1637,1481,,970,524,1297,.404,140,409,.342,293,428,.685,203,712,234,173,45,312,496
127,Idaho,22,1,21,.045,-18.38,-2.97,,1,17,,1,9,,0,11,,1343,1682,,890,588,1244,.473,174,457,.381,332,445,.746,213,753,286,196,67,257,368
128,Illinois-Chicago,22,9,13,.409,-11.92,-7.28,,6,10,,7,4,,2,9,,1489,1591,,890,587,1333,.440,107,356,.301,310,452,.686,219,818,261,141,55,220,326
129,Illinois State,25,7,18,.280,-5.21,0.62,,4,14,,3,8,,3,9,,1799,1870,,1015,692,1546,.448,198,641,.309,288,398,.724,238,899,398,175,62,299,368
130,Illinois NCAA,31,24,7,.774,23.27,11.36,,16,4,,11,2,,9,3,,2497,2128,,1255,770,1873,.411,201,611,.329,387,563,.687,257,942,347,208,119,358,608
131,Incarnate Word,22,8,14,.364,-15.90,-8.32,,5,9,,5,7,,3,6,,1495,1578,,885,586,1264,.464,126,413,.305,280,409,.685,227,770,313,147,67,282,385
132,Indiana State,25,15,10,.600,2.29,2.17,,11,7,,9,3,,5,6,,1662,1645,,1000,607,1347,.451,174,512,.340,257,368,.698,212,832,332,129,66,367,444
133,Indiana,27,12,15,.444,12.85,12.51,,7,12,,6,6,,3,7,,1882,1873,,1115,655,1539,.426,193,578,.334,370,516,.717,260,973,319,159,98,330,534
134,Iona NCAA,18,12,6,.667,-1.01,-6.23,,6,3,,4,2,,4,3,,1283,1189,,720,388,963,.403,109,361,.302,304,444,.685,168,577,207,135,46,247,347
135,Iowa State,24,2,22,.083,-1.04,10.09,,0,18,,2,10,,0,11,,1574,1841,,960,652,1408,.463,159,482,.330,378,510,.741,273,913,318,194,78,312,333
136,Iowa NCAA,31,22,9,.710,21.43,10.47,,14,6,,14,2,,6,4,,2595,2255,,1245,840,2002,.420,275,790,.348,300,444,.676,357,1146,506,166,98,355,574
137,Purdue-Fort Wayne,23,8,15,.348,-12.04,-8.52,,6,14,,5,6,,3,9,,1728,1809,,955,650,1416,.459,187,557,.336,322,431,.747,242,741,325,179,54,282,364
138,IUPUI,18,8,10,.444,-11.54,-6.92,,7,9,,4,5,,4,5,,1281,1364,,720,493,1039,.474,110,361,.305,268,365,.734,149,642,232,122,38,247,288
139,Jackson State,18,12,6,.667,-11.26,-14.04,,11,0,,6,0,,5,5,,1181,1131,,730,385,978,.394,84,277,.303,277,402,.689,171,631,174,119,58,283,334
140,Jacksonville State,27,18,9,.667,-2.87,-5.91,,13,6,,8,3,,7,5,,2005,1851,,1095,674,1642,.410,225,686,.328,278,412,.675,287,915,352,166,72,307,447
141,Jacksonville,24,11,13,.458,-11.02,-6.61,,5,9,,7,5,,4,8,,1622,1668,,965,615,1400,.439,182,552,.330,256,370,.692,242,866,312,153,61,351,433
142,James Madison,20,13,7,.650,0.03,-3.03,,8,2,,10,3,,3,3,,1562,1409,,800,480,1165,.412,170,540,.315,279,374,.746,212,741,265,119,64,321,396
143,Kansas State,29,9,20,.310,0.45,8.73,,4,14,,6,12,,2,7,,1792,2037,,1160,720,1566,.460,232,636,.365,365,494,.739,256,955,392,227,90,386,442
144,Kansas NCAA,30,21,9,.700,15.06,10.03,,12,6,,14,1,,4,6,,2191,2010,,1205,725,1749,.415,222,661,.336,336,466,.721,279,1038,351,180,89,417,496
145,Kennesaw State,24,5,19,.208,-14.00,-3.52,,1,13,,4,9,,0,9,,1571,1672,,960,606,1341,.452,142,448,.317,318,440,.723,185,814,250,166,58,306,417
146,Kent State,23,15,8,.652,1.89,-1.75,,12,6,,9,2,,6,5,,1764,1635,,925,585,1385,.422,190,550,.345,275,390,.705,235,776,294,154,60,300,391
147,Kentucky,25,9,16,.360,11.93,11.65,,8,9,,5,6,,4,7,,1761,1754,,1010,628,1521,.413,164,525,.312,334,451,.741,286,905,307,155,91,317,456
148,La Salle,25,9,16,.360,-3.47,2.95,,6,11,,6,3,,3,11,,1702,1838,,1005,645,1418,.455,175,534,.328,373,502,.743,243,881,367,180,73,342,362
149,Lafayette,15,9,6,.600,-5.21,-6.21,,9,5,,6,3,,3,3,,1165,1150,,620,422,919,.459,92,277,.332,214,310,.690,156,584,202,76,45,174,263
150,Lamar,28,10,18,.357,-13.04,-6.50,,7,10,,5,5,,3,11,,1843,2026,,1130,747,1645,.454,226,584,.387,306,452,.677,281,1030,420,195,92,394,474
151,Lehigh,15,4,11,.267,-12.68,-4.41,,4,10,,1,5,,3,6,,1025,1149,,605,412,879,.469,111,303,.366,214,288,.743,120,533,212,106,49,182,241
152,Liberty NCAA,29,23,6,.793,4.15,-6.06,,11,2,,13,0,,5,3,,2157,1739,,1160,634,1549,.409,171,554,.309,300,435,.690,206,866,264,156,64,341,407
153,Lipscomb,27,15,12,.556,-6.93,-5.50,,9,6,,10,4,,4,7,,1922,1848,,1085,695,1606,.433,219,685,.320,239,340,.703,256,931,343,159,82,347,434
154,Cal State Long Beach,18,6,12,.333,-8.44,-2.78,,4,8,,4,3,,1,8,,1328,1430,,740,497,1157,.430,151,439,.344,285,405,.704,222,712,247,134,51,242,351
155,Long Island University,18,9,9,.500,-7.62,-8.67,,9,9,,6,3,,3,6,,1332,1313,,720,485,1095,.443,123,384,.320,220,311,.707,185,674,253,119,52,280,320
156,Longwood,29,12,17,.414,-7.76,-6.23,,10,10,,8,5,,4,11,,1920,1966,,1160,692,1539,.450,212,680,.312,370,509,.727,252,967,342,183,97,394,494
157,Louisiana,26,17,9,.654,-4.83,-5.50,,10,7,,10,3,,6,4,,1934,1892,,1050,684,1614,.424,169,507,.333,355,474,.749,267,894,361,178,82,315,428
158,Louisiana-Monroe,26,7,19,.269,-10.50,-5.81,,5,13,,5,8,,2,10,,1670,1792,,1045,626,1432,.437,191,523,.365,349,487,.717,274,972,328,169,76,375,395
159,Louisiana State NCAA,29,19,10,.655,15.89,9.34,,11,6,,11,2,,4,6,,2371,2181,,1165,773,1844,.419,243,811,.300,392,549,.714,368,1095,400,168,106,379,526
160,Louisiana Tech,30,23,7,.767,7.33,-0.67,,12,4,,15,1,,5,5,,2201,1936,,1200,703,1770,.397,200,679,.295,330,461,.716,277,1054,353,180,95,404,545
161,Louisville,20,13,7,.650,10.61,9.16,,8,5,,9,2,,4,4,,1359,1330,,805,482,1141,.422,141,463,.305,225,340,.662,191,669,240,117,72,221,345
162,Loyola (IL) NCAA,30,26,4,.867,15.72,1.22,,16,2,,13,0,,8,3,,2144,1673,,1210,636,1540,.413,165,509,.324,236,336,.702,188,819,285,154,82,418,493
163,Loyola Marymount,22,13,9,.591,5.62,4.12,,7,5,,8,3,,4,5,,1529,1496,,885,526,1182,.445,149,432,.345,295,411,.718,143,600,287,150,73,259,433
164,Loyola (MD),17,6,11,.353,-2.12,-3.30,,4,10,,3,4,,3,7,,1226,1206,,710,421,981,.429,126,363,.347,238,328,.726,154,573,216,137,51,234,332
165,Maine,9,2,7,.222,-15.54,-4.10,,2,6,,1,1,,1,6,,478,581,,360,208,487,.427,59,190,.311,106,151,.702,92,319,107,74,19,122,140
166,Manhattan,20,7,13,.350,-12.03,-8.18,,6,12,,4,6,,3,6,,1268,1345,,825,443,1044,.424,114,345,.330,345,489,.706,197,738,246,121,82,311,405
167,Marist,21,12,9,.571,-8.82,-8.63,,10,8,,6,3,,6,5,,1332,1336,,850,460,1174,.392,154,499,.309,262,378,.693,197,727,250,142,59,255,369
168,Marquette,27,13,14,.481,8.64,8.71,,8,11,,7,7,,6,6,,1883,1885,,1085,666,1609,.414,202,596,.339,351,483,.727,285,913,362,197,86,294,481
169,Marshall,22,15,7,.682,5.91,-1.45,,9,5,,9,3,,6,3,,1758,1596,,885,587,1351,.434,175,488,.359,247,371,.666,234,819,263,154,60,321,342
170,Maryland-Baltimore County,20,14,6,.700,-0.93,-5.58,,10,4,,5,4,,9,2,,1391,1298,,800,463,1167,.397,158,480,.329,214,299,.716,178,680,212,107,56,245,373
171,Maryland-Eastern Shore,0,0,0,,,,,0,0,,0,0,,0,0,,,,,,,,,,,,,,,,,,,,,
172,Maryland NCAA,31,17,14,.548,14.01,12.04,,9,11,,11,6,,4,6,,2135,2034,,1240,729,1777,.410,256,742,.345,320,448,.714,283,1052,378,177,84,342,521
173,Massachusetts-Lowell,23,11,12,.478,-5.94,-3.50,,7,8,,3,4,,6,6,,1575,1631,,920,556,1304,.426,150,474,.316,369,515,.717,215,759,234,141,61,260,447
174,Massachusetts,15,8,7,.533,4.87,1.14,,6,4,,4,3,,3,3,,1151,1095,,615,403,880,.458,90,266,.338,199,294,.677,131,555,230,105,53,221,280
175,McNeese State,24,10,14,.417,-18.33,-11.45,,4,11,,7,5,,3,8,,1927,1722,,960,635,1423,.446,185,513,.361,267,401,.666,219,777,338,181,84,367,415
176,Memphis,26,18,8,.692,12.83,3.79,,11,4,,10,1,,4,3,,1860,1625,,1040,563,1445,.390,155,565,.274,344,507,.679,227,856,283,160,79,416,453
177,Mercer,29,18,11,.621,1.44,-1.44,,8,9,,9,4,,6,6,,2225,2082,,1180,772,1764,.438,216,679,.318,322,457,.705,261,972,350,182,74,350,437
178,Merrimack,18,9,9,.500,-8.92,-8.53,,9,9,,6,3,,3,6,,1193,1200,,725,425,1007,.422,116,337,.344,234,332,.705,200,671,246,121,41,269,300
179,Miami (FL),27,10,17,.370,3.54,8.06,,4,15,,7,8,,1,8,,1794,1916,,1085,722,1610,.448,248,656,.378,224,318,.704,245,936,401,188,112,331,420
180,Miami (OH),23,12,11,.522,-2.55,-2.59,,9,8,,7,4,,5,6,,1663,1647,,925,598,1335,.448,196,550,.356,255,360,.708,226,809,316,125,85,282,376
181,Michigan State NCAA,28,15,13,.536,9.81,11.49,,9,11,,12,3,,3,8,,1944,1991,,1125,693,1625,.426,176,548,.321,429,599,.716,265,959,371,181,86,295,498
182,Michigan NCAA,26,22,4,.846,21.84,10.88,,14,3,,13,1,,6,2,,1998,1713,,1045,622,1584,.393,166,508,.327,303,400,.758,241,809,258,128,71,259,426
183,Middle Tennessee,23,5,18,.217,-10.61,-0.61,,3,13,,5,6,,0,9,,1426,1627,,920,610,1293,.472,140,437,.320,267,378,.706,186,827,299,174,76,320,329
184,Milwaukee,22,10,12,.455,-7.62,-6.89,,7,10,,4,5,,6,6,,1662,1678,,900,582,1288,.452,192,507,.379,322,451,.714,208,830,323,114,62,297,426
185,Minnesota,29,14,15,.483,11.07,11.76,,6,14,,13,4,,0,10,,2103,2123,,1175,760,1722,.441,192,546,.352,411,591,.695,332,1158,432,155,78,394,570
186,Mississippi State,31,17,14,.548,9.04,6.72,,8,10,,9,6,,5,4,,2139,2067,,1260,742,1836,.404,244,755,.323,339,449,.755,314,986,435,223,115,368,505
187,Mississippi Valley State,24,2,22,.083,-38.18,-7.64,,2,13,,1,5,,1,16,,1364,2097,,960,771,1592,.484,207,578,.358,348,518,.672,322,1087,440,222,67,263,369
188,Mississippi,28,16,12,.571,11.32,6.14,,10,8,,10,4,,5,6,,1927,1782,,1125,623,1482,.420,191,541,.353,345,500,.690,255,892,364,194,90,424,483
189,Missouri-Kansas City,24,11,13,.458,-5.08,-2.83,,7,7,,8,3,,2,8,,1683,1502,,960,484,1118,.433,136,418,.325,398,577,.690,175,721,259,127,74,378,392
190,Missouri State,24,17,7,.708,5.41,0.22,,12,6,,9,4,,7,2,,1762,1594,,960,581,1418,.410,164,503,.326,268,390,.687,198,768,250,135,60,246,400
191,Missouri NCAA,26,16,10,.615,12.49,10.99,,8,8,,8,4,,6,4,,1909,1870,,1050,654,1518,.431,165,497,.332,397,556,.714,271,916,296,161,105,332,494
192,Monmouth,20,12,8,.600,-5.71,-7.46,,12,6,,7,2,,5,5,,1521,1486,,815,504,1200,.420,159,484,.329,319,461,.692,220,792,280,131,85,317,418
193,Montana State,23,13,10,.565,-5.65,-4.65,,8,6,,5,3,,6,6,,1703,1655,,935,554,1292,.429,172,499,.345,375,484,.775,193,756,246,135,66,311,471
194,Montana,28,15,13,.536,-3.72,-1.63,,7,9,,8,4,,5,8,,1981,1876,,1135,667,1555,.429,162,520,.312,380,567,.670,252,919,324,165,77,351,507
195,Morehead State NCAA,31,23,8,.742,-0.83,-4.21,,17,3,,12,1,,8,5,,2132,1986,,1250,736,1806,.408,231,741,.312,283,418,.677,272,954,366,242,98,374,555
196,Morgan State,22,14,8,.636,-6.39,-11.07,,7,5,,5,5,,7,2,,1755,1606,,880,533,1263,.422,159,520,.306,381,532,.716,238,792,267,161,76,388,436
197,Mount St. Mary's NCAA,23,12,11,.522,-5.53,-6.53,,9,7,,6,3,,6,6,,1454,1431,,930,526,1300,.405,129,422,.306,250,325,.769,198,740,217,151,65,237,402
198,Murray State,26,13,13,.500,-2.72,-8.06,,10,10,,9,4,,4,8,,1986,1739,,1045,620,1478,.419,193,604,.320,306,445,.688,227,832,292,136,102,348,369
199,Navy,18,15,3,.833,1.17,-3.33,,12,1,,8,2,,6,1,,1287,1206,,730,436,950,.459,124,369,.336,210,309,.680,142,569,234,110,64,275,355
200,Omaha,25,5,20,.200,-12.84,-2.20,,3,11,,1,5,,3,12,,1683,1949,,1000,698,1500,.465,209,544,.384,344,467,.737,232,942,346,159,70,303,436
201,Nebraska,27,7,20,.259,6.13,12.32,,3,16,,6,9,,1,10,,1889,2004,,1085,711,1686,.422,240,771,.311,342,476,.718,291,1073,388,184,98,356,466
202,Nevada-Las Vegas,27,12,15,.444,-1.14,1.34,,8,10,,8,4,,3,7,,1875,1822,,1080,618,1470,.420,232,637,.364,354,486,.728,223,875,369,136,83,324,400
203,Nevada,26,16,10,.615,5.66,2.38,,8,7,,10,2,,2,7,,1916,1812,,1040,592,1448,.409,212,638,.332,416,582,.715,231,897,356,169,66,324,505
204,New Hampshire,19,10,9,.526,-8.09,-6.59,,9,6,,5,6,,5,3,,1278,1266,,765,434,1011,.429,122,355,.344,276,386,.715,139,665,182,101,68,237,358
205,New Mexico State,20,12,8,.600,-1.23,-5.11,,7,6,,4,2,,5,5,,1422,1283,,800,452,1051,.430,124,383,.324,255,358,.712,154,609,231,94,42,257,360
206,New Mexico,22,6,16,.273,-12.05,-1.40,,1,8,,0,0,,3,8,,1436,1578,,890,557,1255,.444,180,528,.341,284,414,.686,213,771,319,177,67,299,399
207,New Orleans,25,10,15,.400,-10.89,-9.72,,8,7,,6,3,,2,10,,1899,1910,,1010,684,1511,.453,159,499,.319,383,559,.685,293,887,335,209,94,393,446
208,Niagara,20,9,11,.450,-7.36,-6.81,,7,9,,5,3,,3,7,,1293,1304,,800,453,1067,.425,150,442,.339,248,347,.715,186,722,276,93,65,264,369
209,Nicholls State,25,18,7,.720,-5.20,-8.70,,14,2,,8,1,,7,5,,1960,1831,,1010,644,1503,.428,186,538,.346,357,512,.697,261,946,317,144,67,395,428
210,NJIT,19,7,12,.368,-9.65,-5.60,,6,10,,3,5,,4,6,,1256,1333,,770,494,1065,.464,127,383,.332,218,313,.696,175,707,241,88,65,274,363
211,Norfolk State NCAA,25,17,8,.680,-6.00,-8.34,,8,4,,7,4,,6,3,,1839,1742,,1005,573,1419,.404,203,642,.316,393,561,.701,263,922,317,140,94,384,476
212,North Alabama,24,13,11,.542,-9.93,-6.18,,7,8,,8,4,,3,6,,1756,1666,,970,577,1378,.419,199,583,.341,313,454,.689,206,840,253,140,70,341,417
213,North Carolina-Asheville,20,10,10,.500,-6.83,-7.43,,9,5,,6,4,,4,6,,1468,1456,,815,533,1192,.447,120,370,.324,270,385,.701,240,747,239,131,81,280,329
214,North Carolina A&T,21,11,10,.524,-14.16,-7.95,,7,1,,5,4,,5,6,,1517,1523,,845,550,1264,.435,170,488,.348,253,377,.671,256,849,330,123,84,392,402
215,North Carolina Central,14,5,9,.357,-15.87,-8.64,,3,5,,4,2,,0,6,,942,1003,,565,346,771,.449,94,275,.342,217,299,.726,150,522,201,91,46,215,256
216,North Carolina-Greensboro NCAA,30,21,9,.700,3.65,-1.98,,13,5,,7,3,,10,3,,2189,2020,,1205,689,1653,.417,215,684,.314,427,604,.707,267,1091,344,146,83,446,477
217,North Carolina State,25,14,11,.560,9.94,6.82,,9,8,,7,4,,5,5,,1820,1742,,1005,640,1415,.452,170,497,.342,292,403,.725,262,841,325,158,92,371,429
218,North Carolina-Wilmington,17,7,10,.412,-6.71,-6.33,,1,6,,3,4,,3,4,,1297,1253,,685,463,987,.469,93,292,.318,234,310,.755,168,605,190,90,53,239,319
219,North Carolina NCAA,29,18,11,.621,15.07,9.80,,10,6,,10,1,,3,7,,2181,2028,,1160,735,1734,.424,233,665,.350,325,466,.697,280,943,376,246,133,396,526
220,North Dakota State,27,15,12,.556,-0.81,-2.88,,11,5,,6,2,,5,7,,1883,1827,,1085,674,1541,.437,191,566,.337,288,405,.711,182,819,324,136,73,249,448
221,North Dakota,26,9,17,.346,-10.49,-3.49,,8,8,,5,3,,3,11,,1787,1969,,1055,715,1519,.471,186,484,.384,353,462,.764,227,928,334,167,88,308,477
222,North Florida,23,8,15,.348,-11.30,-4.45,,6,6,,5,3,,3,10,,1601,1725,,920,629,1405,.448,139,418,.333,328,445,.737,288,849,350,183,68,251,357
223,North Texas NCAA,28,18,10,.643,7.81,1.25,,9,5,,8,3,,5,6,,1954,1745,,1130,619,1501,.412,178,533,.334,329,455,.723,253,862,267,175,81,387,422
224,Northeastern,19,10,9,.526,-0.93,0.18,,8,2,,5,1,,4,7,,1277,1298,,765,479,1109,.432,113,349,.324,227,325,.698,177,675,220,129,41,225,294
225,Northern Arizona,22,6,16,.273,-12.96,-1.60,,4,10,,1,7,,4,7,,1390,1640,,885,583,1164,.501,190,513,.370,284,386,.736,174,745,331,118,66,266,384
226,Northern Colorado,22,11,11,.500,-6.74,-4.27,,6,8,,6,5,,4,5,,1551,1519,,885,562,1261,.446,87,293,.297,308,409,.753,155,694,199,137,55,233,367
227,Northern Illinois,19,3,16,.158,-17.76,-2.65,,2,12,,2,7,,1,9,,1184,1471,,765,511,1096,.466,177,454,.390,272,370,.735,201,704,300,115,58,217,300
228,Northern Iowa,25,10,15,.400,-1.49,2.68,,7,11,,6,5,,3,7,,1738,1779,,1010,651,1437,.453,200,609,.328,277,376,.737,178,837,342,183,71,303,390
229,Northern Kentucky,25,14,11,.560,-6.66,-6.78,,11,7,,9,4,,5,6,,1784,1781,,1015,641,1421,.451,188,530,.355,311,462,.673,275,843,345,153,54,317,413
230,Northwestern State,29,11,18,.379,-13.45,-4.91,,9,7,,6,4,,4,12,,2106,2312,,1170,843,1783,.473,201,623,.323,425,620,.685,335,1148,467,215,90,391,485
231,Northwestern,24,9,15,.375,9.76,11.80,,6,13,,7,6,,2,8,,1686,1681,,970,586,1368,.428,193,583,.331,316,446,.709,212,860,357,143,78,308,390
232,Notre Dame,26,11,15,.423,8.00,9.65,,7,11,,6,5,,4,8,,1890,1933,,1040,737,1665,.443,219,598,.366,240,328,.732,288,952,360,158,99,223,394
233,Oakland,30,12,18,.400,-9.24,-2.70,,10,10,,5,4,,6,11,,2240,2436,,1240,919,1937,.474,309,828,.373,289,412,.701,358,1167,630,189,110,410,542
234,Ohio State NCAA,31,21,10,.677,18.24,12.18,,12,8,,10,4,,7,4,,2392,2204,,1255,767,1821,.421,238,700,.340,432,610,.708,307,1041,424,149,82,312,588
235,Ohio NCAA,25,17,8,.680,5.64,-0.41,,9,5,,8,3,,4,4,,1980,1815,,1000,646,1468,.440,197,583,.338,326,429,.760,228,840,344,141,64,344,441
236,Oklahoma State NCAA,30,21,9,.700,13.33,9.46,,11,7,,10,3,,8,4,,2297,2181,,1225,768,1869,.411,223,697,.320,422,586,.720,348,1082,371,241,135,440,552
237,Oklahoma NCAA,27,16,11,.593,13.33,8.66,,9,8,,10,3,,4,7,,2012,1886,,1095,687,1627,.422,223,625,.357,289,386,.749,266,977,327,152,83,349,444
238,Old Dominion,23,15,8,.652,-0.92,-0.70,,11,5,,9,1,,6,6,,1571,1556,,925,547,1305,.419,196,559,.351,266,382,.696,205,779,303,147,77,300,375
239,Oral Roberts NCAA,28,18,10,.643,1.07,-0.85,,10,5,,8,3,,5,7,,2282,2120,,1125,768,1762,.436,197,576,.342,387,558,.694,332,1099,339,156,83,383,473
240,Oregon State NCAA,31,19,12,.613,10.74,10.07,,10,10,,10,6,,4,6,,2199,2107,,1250,725,1690,.429,194,644,.301,463,639,.725,299,1035,383,165,84,384,568
241,Oregon NCAA,28,21,6,.778,16.22,8.96,,14,4,,11,2,,7,2,,2029,1833,,1120,662,1517,.436,199,594,.335,310,407,.762,241,868,364,133,74,371,428
242,Pacific,18,9,9,.500,2.73,5.32,,6,7,,6,2,,3,6,,1256,1272,,735,444,1017,.437,145,424,.342,239,328,.729,134,582,223,83,52,230,308
243,Penn State,25,11,14,.440,13.59,13.95,,7,12,,7,5,,3,8,,1816,1825,,1010,649,1398,.464,185,537,.345,342,469,.729,200,851,363,139,106,347,432
244,Pennsylvania,0,0,0,,,,,0,0,,0,0,,0,0,,,,,,,,,,,,,,,,,,,,,
245,Pepperdine,27,15,12,.556,5.68,5.04,,7,6,,7,5,,3,5,,2076,1988,,1100,707,1616,.438,171,608,.281,403,549,.734,257,948,373,180,53,366,518
246,Pittsburgh,22,10,12,.455,8.10,7.06,,6,10,,7,6,,3,5,,1566,1543,,880,543,1249,.435,163,505,.323,294,415,.708,199,729,348,130,93,263,386
247,Portland State,22,9,13,.409,-6.42,-4.75,,6,8,,7,6,,2,6,,1512,1463,,885,498,1140,.437,139,383,.363,328,475,.691,163,762,273,125,64,360,418
248,Portland,21,6,15,.286,-12.58,5.08,,0,11,,5,8,,1,6,,1459,1748,,845,661,1315,.503,204,544,.375,222,297,.747,213,814,405,137,91,299,402
249,Prairie View,21,16,5,.762,-8.03,-15.08,,13,0,,8,0,,5,3,,1497,1349,,840,461,1097,.420,117,368,.318,310,505,.614,231,757,231,144,66,382,319
250,Presbyterian,22,7,15,.318,-13.79,-8.84,,5,12,,5,6,,2,9,,1411,1476,,885,506,1106,.458,138,399,.346,326,465,.701,184,703,254,156,81,331,411
251,Princeton,0,0,0,,,,,0,0,,0,0,,0,0,,,,,,,,,,,,,,,,,,,,,
252,Providence,26,13,13,.500,9.14,9.03,,9,10,,8,3,,4,7,,1816,1813,,1060,668,1533,.436,154,518,.297,323,462,.699,278,947,326,165,87,299,459
253,Purdue NCAA,28,18,10,.643,15.63,11.31,,13,6,,11,1,,5,6,,1989,1868,,1130,657,1579,.416,228,716,.318,324,476,.681,235,880,394,155,96,315,515
254,Quinnipiac,22,9,13,.409,-8.94,-7.44,,7,10,,8,5,,1,5,,1485,1518,,895,531,1362,.390,141,469,.301,315,445,.708,240,873,270,158,87,277,403
255,Radford,27,15,12,.556,-6.04,-6.44,,12,6,,9,5,,6,6,,1826,1745,,1100,628,1501,.418,222,603,.368,267,366,.730,224,789,311,169,72,330,513
256,Rhode Island,25,10,15,.400,5.36,5.00,,7,10,,6,3,,2,9,,1786,1777,,1020,622,1495,.416,186,563,.330,347,501,.693,247,877,341,175,95,314,475
257,Rice,28,15,13,.536,-3.52,-1.28,,6,10,,9,3,,3,9,,2068,2062,,1120,790,1768,.447,217,614,.353,265,378,.701,265,983,411,216,96,350,446
258,Richmond,23,14,9,.609,9.15,5.11,,6,5,,6,4,,5,3,,1717,1587,,920,592,1284,.461,148,468,.316,255,366,.697,211,806,276,120,61,353,352
259,Rider,23,6,17,.261,-12.06,-5.58,,5,13,,1,8,,4,8,,1553,1702,,925,601,1299,.463,184,521,.353,316,468,.675,204,785,322,148,73,273,395
260,Robert Morris,19,4,15,.211,-13.08,-5.41,,3,12,,3,6,,1,9,,1374,1494,,790,527,1125,.468,162,421,.385,278,385,.722,220,715,276,122,50,261,290
261,Rutgers NCAA,28,16,12,.571,14.22,12.58,,10,10,,10,4,,4,6,,1939,1893,,1125,670,1612,.416,185,573,.323,368,523,.704,296,1019,377,190,92,362,450
262,Sacramento State,20,8,12,.400,-7.80,-3.68,,5,9,,5,3,,3,8,,1443,1442,,815,527,1090,.483,137,383,.358,251,337,.745,155,654,268,90,42,256,343
263,Sacred Heart,18,9,9,.500,-12.04,-7.32,,9,7,,4,3,,5,6,,1265,1350,,735,506,1119,.452,122,371,.329,216,309,.699,210,676,233,106,74,191,325
264,Saint Francis (PA),22,6,16,.273,-10.14,-5.64,,5,13,,4,6,,2,10,,1515,1614,,890,591,1301,.454,157,501,.313,275,383,.718,221,784,294,152,80,288,394
265,Saint Joseph's,20,5,15,.250,-4.47,5.98,,3,9,,3,3,,1,9,,1443,1652,,825,602,1278,.471,165,470,.351,283,401,.706,226,830,331,145,69,259,322
266,Saint Louis,21,14,7,.667,11.83,2.26,,6,4,,12,1,,1,4,,1575,1374,,840,467,1114,.419,143,425,.336,297,409,.726,155,624,241,139,84,286,341
267,Saint Mary's (CA),24,14,10,.583,8.15,6.53,,4,6,,9,3,,2,3,,1542,1503,,960,558,1299,.430,124,352,.352,263,364,.723,174,762,214,126,82,290,378
268,Saint Peter's,25,14,11,.560,-5.32,-7.04,,10,8,,8,3,,4,7,,1580,1537,,1000,511,1323,.386,166,494,.336,349,523,.667,250,879,281,168,103,382,435
269,Sam Houston State,28,19,9,.679,-3.28,-4.87,,13,3,,12,1,,7,6,,2229,1969,,1120,680,1612,.422,176,604,.291,433,616,.703,315,1044,378,181,84,495,500
270,Samford,19,6,13,.316,-8.78,-1.49,,2,9,,4,5,,2,7,,1460,1510,,775,501,1145,.438,196,563,.348,312,439,.711,178,686,300,152,55,271,320
271,San Diego State NCAA,28,23,5,.821,14.62,3.25,,14,3,,13,2,,6,2,,2062,1713,,1125,573,1461,.392,225,670,.336,342,465,.735,224,895,349,127,81,421,513
272,San Diego,14,3,11,.214,-5.19,5.67,,2,7,,0,5,,3,5,,927,1079,,565,388,822,.472,100,260,.385,203,278,.730,123,547,190,98,44,186,229
273,San Francisco,25,11,14,.440,6.09,3.93,,4,9,,3,5,,4,6,,1786,1732,,1000,605,1339,.452,122,374,.326,400,535,.748,197,879,279,139,78,345,372
274,San Jose State,21,5,16,.238,-17.23,1.35,,2,12,,4,6,,0,8,,1381,1710,,840,632,1399,.452,173,553,.313,273,380,.718,275,941,329,135,76,214,355
275,Santa Clara,20,12,8,.600,0.06,2.27,,4,5,,6,3,,4,3,,1393,1412,,800,503,1212,.415,142,439,.323,264,362,.729,180,723,262,121,55,246,430
276,Seattle,23,12,11,.522,-5.33,-3.60,,4,5,,6,3,,3,6,,1677,1578,,925,531,1266,.419,151,458,.330,365,490,.745,230,867,282,118,66,362,439
277,Seton Hall,27,14,13,.519,11.33,9.74,,10,9,,7,4,,6,7,,1924,1881,,1095,680,1576,.431,198,541,.366,323,430,.751,282,936,329,177,93,356,480
278,Siena,17,12,5,.706,-3.81,-8.40,,12,4,,6,2,,6,2,,1149,1071,,680,400,979,.409,100,309,.324,171,242,.707,164,555,166,107,46,200,310
279,South Alabama,28,17,11,.607,-5.91,-5.75,,10,7,,10,5,,6,5,,2075,1985,,1135,700,1706,.410,292,880,.332,293,394,.744,342,1062,413,168,111,388,451
280,South Carolina State,18,1,17,.056,-24.75,-7.42,,1,7,,1,6,,0,11,,1102,1414,,720,504,1030,.489,134,376,.356,272,371,.733,195,699,279,135,60,295,298
281,South Carolina Upstate,23,5,18,.217,-13.54,-5.04,,5,11,,3,8,,2,10,,1515,1712,,920,609,1289,.472,169,483,.350,325,465,.699,225,824,321,162,65,301,371
282,South Carolina,21,6,15,.286,3.53,10.15,,4,12,,3,6,,2,7,,1523,1662,,840,566,1222,.463,167,454,.368,363,477,.761,219,796,310,162,93,348,370
283,South Dakota State,23,16,7,.696,3.10,-2.22,,9,3,,8,1,,4,2,,1850,1690,,920,606,1390,.436,195,557,.350,283,357,.793,161,714,296,146,69,252,438
284,South Dakota,25,14,11,.560,-1.38,-3.63,,11,4,,7,2,,5,4,,1899,1805,,1000,616,1465,.420,202,580,.348,371,504,.736,218,854,263,117,58,277,467
285,South Florida,22,9,13,.409,-0.08,6.21,,4,10,,4,6,,3,4,,1449,1571,,885,553,1238,.447,179,519,.345,286,402,.711,190,743,330,143,86,265,398
286,Southeast Missouri State,27,11,16,.407,-10.05,-7.38,,9,11,,7,6,,3,9,,1864,1936,,1110,672,1478,.455,191,528,.362,401,575,.697,214,890,368,185,90,377,512
287,Southeastern Louisiana,26,8,18,.308,-17.36,-7.97,,5,11,,3,4,,4,13,,1775,2019,,1055,700,1452,.482,204,570,.358,415,552,.752,246,940,404,174,85,417,562
288,Southern California NCAA,31,24,7,.774,20.31,9.67,,15,5,,13,2,,7,3,,2325,1995,,1260,721,1865,.387,222,660,.336,331,453,.731,315,1002,384,172,85,362,588
289,SIU Edwardsville,26,9,17,.346,-14.82,-5.90,,7,12,,2,8,,6,7,,1709,1897,,1040,680,1504,.452,195,578,.337,342,501,.683,281,909,401,207,60,357,450
290,Southern Illinois,26,12,14,.462,-3.32,0.96,,5,13,,8,5,,3,8,,1704,1770,,1050,662,1447,.457,200,588,.340,246,342,.719,208,889,377,166,83,328,399
291,Southern Methodist,17,11,6,.647,10.89,4.36,,7,4,,6,2,,5,2,,1269,1158,,680,395,976,.405,134,381,.352,234,344,.680,185,594,237,121,68,243,309
292,Southern Mississippi,25,8,17,.320,-6.67,-1.89,,4,13,,6,7,,2,9,,1605,1668,,1005,590,1395,.423,207,620,.334,281,403,.697,206,852,311,176,55,336,382
293,Southern Utah,24,20,4,.833,0.59,-5.72,,12,2,,14,0,,5,3,,2021,1669,,965,607,1428,.425,182,555,.328,273,409,.667,190,757,311,119,70,329,476
294,Southern,19,8,11,.421,-13.45,-13.03,,8,6,,5,2,,3,7,,1327,1335,,775,457,1088,.420,115,348,.330,306,444,.689,176,651,216,145,79,291,353
295,St. Bonaventure NCAA,21,16,5,.762,13.53,4.58,,11,4,,8,1,,4,3,,1471,1283,,840,454,1166,.389,154,502,.307,221,334,.662,219,708,258,103,67,263,328
296,St. Francis (NY),19,9,10,.474,-10.08,-8.23,,9,9,,4,6,,5,4,,1476,1511,,765,520,1125,.462,146,383,.381,325,440,.739,205,704,271,116,79,280,338
297,St. John's (NY),27,16,11,.593,9.61,7.39,,10,9,,11,3,,4,6,,2132,2072,,1095,756,1634,.463,206,603,.342,354,520,.681,287,1023,396,186,109,443,451
298,Stanford,27,14,13,.519,9.93,9.78,,10,10,,5,4,,6,6,,1883,1879,,1100,669,1609,.416,215,640,.336,326,435,.749,280,905,342,189,97,388,494
299,Stephen F. Austin,21,16,5,.762,-1.72,-8.55,,13,3,,10,1,,6,4,,1686,1484,,850,500,1134,.441,136,405,.336,348,466,.747,186,603,272,160,67,381,428
300,Stetson,27,12,15,.444,-7.12,-4.37,,7,9,,7,5,,3,8,,1925,1896,,1090,691,1545,.447,198,573,.346,316,454,.696,242,920,394,154,86,341,411
301,Stony Brook,23,9,14,.391,-6.02,-4.61,,7,9,,5,5,,4,8,,1522,1509,,930,533,1308,.407,173,521,.332,270,386,.699,227,816,290,150,67,305,413
302,Syracuse NCAA,27,18,9,.667,13.80,8.35,,9,7,,13,1,,2,7,,2049,1902,,1085,684,1664,.411,235,737,.319,299,401,.746,344,1020,469,158,85,383,422
303,Tarleton State,20,10,10,.500,-7.30,-3.03,,5,7,,6,3,,4,7,,1467,1246,,800,398,985,.404,157,455,.345,293,409,.716,187,672,282,69,75,389,374
304,Temple,16,5,11,.313,2.57,5.57,,4,10,,3,5,,2,5,,1053,1101,,640,385,944,.408,123,359,.343,208,299,.696,169,592,213,90,55,175,290
305,Tennessee-Martin,24,8,16,.333,-19.29,-5.77,,6,14,,6,7,,2,9,,1571,1847,,970,650,1341,.485,207,562,.368,340,486,.700,257,886,413,164,79,348,402
306,Tennessee State,23,4,19,.174,-13.97,-7.10,,3,17,,4,8,,0,11,,1573,1702,,930,575,1292,.445,161,474,.340,391,559,.699,250,878,299,140,96,374,400
307,Tennessee Tech,27,5,22,.185,-14.00,-3.71,,5,15,,5,6,,0,16,,1797,2075,,1085,776,1615,.480,219,620,.353,304,431,.705,255,930,490,197,78,345,391
308,Tennessee NCAA,27,18,9,.667,16.97,8.56,,10,7,,13,3,,4,4,,1941,1714,,1080,599,1492,.401,184,568,.324,332,456,.728,272,917,278,175,73,424,521
309,Texas A&M-Corpus Christi,24,5,19,.208,-16.78,-6.11,,2,13,,4,8,,1,10,,1554,1716,,960,616,1402,.439,158,487,.324,326,441,.739,239,871,360,205,68,338,426
310,Texas A&M,18,8,10,.444,2.25,4.92,,2,8,,6,4,,2,4,,1157,1205,,720,432,959,.450,155,455,.341,186,284,.655,174,580,293,121,68,271,307
311,Texas-Arlington,26,13,13,.500,-7.15,-4.50,,9,8,,9,4,,3,8,,1916,1827,,1045,659,1556,.424,197,552,.357,312,445,.701,287,1017,385,159,80,383,408
312,Texas Christian,26,12,14,.462,2.40,6.78,,5,11,,6,7,,3,6,,1738,1852,,1045,684,1523,.449,177,528,.335,307,447,.687,267,893,402,182,93,301,420
313,Texas-El Paso,24,12,12,.500,1.24,1.43,,8,8,,10,2,,2,9,,1698,1644,,965,573,1322,.433,148,430,.344,350,491,.713,193,849,266,124,65,316,380
314,Texas-Rio Grande Valley,19,9,10,.474,-9.63,-5.23,,2,5,,8,3,,1,6,,1376,1287,,760,436,1073,.406,105,351,.299,310,453,.684,224,757,259,126,59,355,419
315,Texas-San Antonio,26,15,11,.577,-1.05,-0.01,,9,7,,12,2,,2,8,,2050,1906,,1040,650,1537,.423,199,589,.338,407,545,.747,250,952,328,144,80,361,409
316,Texas Southern NCAA,26,17,9,.654,-6.18,-9.06,,10,3,,8,2,,5,6,,1921,1806,,1045,626,1563,.401,189,610,.310,365,522,.699,261,928,314,165,94,378,501
317,Texas State,25,18,7,.720,-3.83,-7.36,,12,3,,8,3,,9,3,,1660,1543,,1015,537,1272,.422,179,511,.350,290,416,.697,201,745,280,147,70,374,404
318,Texas Tech NCAA,29,18,11,.621,16.39,7.08,,9,8,,11,4,,5,4,,2103,1833,,1170,631,1533,.412,200,585,.342,371,545,.681,284,965,284,159,87,465,576
319,Texas NCAA,27,19,8,.704,15.31,9.16,,11,6,,8,5,,6,2,,2008,1842,,1095,644,1578,.408,166,523,.317,388,567,.684,278,928,267,169,84,339,481
320,Toledo,30,21,9,.700,6.71,-1.75,,15,4,,12,1,,7,5,,2433,2179,,1215,811,1905,.426,228,766,.298,329,451,.729,358,1120,367,163,87,374,530
321,Towson,18,4,14,.222,-9.68,-2.18,,3,9,,4,4,,0,6,,1214,1349,,730,478,1067,.448,167,436,.383,226,313,.722,192,626,232,98,59,195,318
322,Troy,28,11,17,.393,-11.95,-3.95,,4,12,,7,4,,2,11,,1829,1942,,1125,696,1627,.428,221,622,.355,329,490,.671,262,1008,372,224,110,375,516
323,Tulane,23,10,13,.435,0.97,3.53,,4,12,,6,6,,3,6,,1470,1529,,920,538,1281,.420,197,551,.358,256,384,.667,247,890,367,122,78,344,388
324,Tulsa,23,11,12,.478,4.09,5.33,,7,9,,7,5,,4,4,,1573,1509,,920,520,1272,.409,181,540,.335,288,441,.653,252,806,287,172,58,338,394
325,UCLA NCAA,29,20,9,.690,15.10,9.93,,13,6,,11,1,,5,6,,2120,1970,,1195,711,1628,.437,213,623,.342,335,454,.738,230,898,350,138,82,339,527
326,Utah State NCAA,29,20,9,.690,11.31,1.64,,13,4,,10,2,,5,3,,2105,1808,,1160,640,1640,.390,221,664,.333,307,414,.742,222,881,334,192,103,396,514
327,Utah Valley,22,11,11,.500,-3.42,-1.62,,9,4,,8,4,,3,6,,1632,1635,,885,565,1325,.426,157,458,.343,348,459,.758,193,713,304,148,68,249,470
328,Utah,25,12,13,.480,11.54,9.22,,8,11,,8,5,,3,7,,1803,1745,,1010,639,1427,.448,183,508,.360,284,390,.728,250,849,328,158,97,335,429
329,Valparaiso,28,10,18,.357,-3.97,1.38,,7,11,,6,6,,4,11,,1821,1902,,1130,701,1606,.436,191,574,.333,309,446,.693,252,1032,370,170,68,365,428
330,Vanderbilt,25,9,16,.360,6.26,6.86,,3,13,,6,7,,2,8,,1794,1809,,1000,646,1411,.458,178,526,.338,339,475,.714,237,867,340,168,105,345,439
331,Vermont,15,10,5,.667,2.10,-7.50,,10,4,,6,3,,4,2,,1095,951,,610,330,810,.407,101,324,.312,190,271,.701,120,467,145,76,33,192,291
332,Villanova NCAA,24,18,6,.750,17.79,8.71,,11,4,,9,0,,4,4,,1819,1601,,965,586,1329,.441,190,544,.349,239,345,.693,196,787,290,92,64,297,405
333,Virginia Commonwealth NCAA,27,19,7,.731,11.35,4.81,,10,4,,12,2,,5,3,,1864,1694,,1085,590,1457,.405,156,511,.305,358,516,.694,293,905,302,168,81,436,453
334,VMI,25,13,12,.520,-0.26,-0.62,,7,7,,11,1,,1,10,,2001,1897,,1010,700,1640,.427,239,708,.338,258,382,.675,249,913,326,172,65,257,407
335,Virginia Tech NCAA,22,15,7,.682,12.84,6.75,,9,4,,10,2,,3,3,,1585,1451,,895,513,1210,.424,156,471,.331,269,386,.697,178,708,236,128,73,266,382
336,Virginia NCAA,25,18,7,.720,15.57,7.89,,13,4,,10,1,,6,3,,1705,1513,,1005,550,1322,.416,168,496,.339,245,327,.749,182,738,291,124,58,233,306
337,Wagner,20,13,7,.650,-5.20,-7.75,,13,5,,7,3,,6,4,,1425,1374,,815,450,1036,.434,142,411,.345,332,459,.723,182,645,263,125,72,284,332
338,Wake Forest,22,6,16,.273,2.03,8.36,,3,15,,5,6,,1,9,,1458,1583,,885,569,1213,.469,167,442,.378,278,396,.702,181,749,306,167,104,269,330
339,Washington State,27,14,13,.519,7.81,6.63,,7,12,,11,5,,3,6,,1853,1821,,1110,649,1565,.415,161,514,.313,362,512,.707,254,936,363,188,95,352,510
340,Washington,26,5,21,.192,1.52,11.25,,4,16,,4,7,,1,9,,1759,2012,,1040,719,1583,.454,183,524,.349,391,549,.712,313,1012,411,152,79,318,434
341,Weber State,23,17,6,.739,3.11,-5.24,,12,3,,11,0,,6,5,,1881,1594,,920,569,1341,.424,162,478,.339,294,410,.717,196,714,291,142,53,328,436
342,West Virginia NCAA,29,19,10,.655,15.22,9.91,,11,6,,8,5,,7,2,,2243,2089,,1175,769,1721,.447,219,653,.335,332,481,.690,313,1021,405,178,82,434,590
343,Western Carolina,27,11,16,.407,-7.28,-1.88,,4,13,,6,5,,4,9,,2039,2129,,1105,785,1688,.465,242,671,.361,317,459,.691,233,943,377,195,71,321,526
344,Western Illinois,22,7,15,.318,-12.60,-4.74,,5,9,,2,5,,4,9,,1606,1746,,880,608,1286,.473,173,439,.394,357,491,.727,173,802,310,128,91,266,448
345,Western Kentucky,29,21,8,.724,5.39,0.70,,11,3,,11,2,,5,3,,2108,1972,,1170,722,1710,.422,245,673,.364,283,383,.739,251,906,360,195,113,381,510
346,Western Michigan,21,5,16,.238,-11.37,-1.07,,4,12,,2,9,,3,7,,1325,1511,,840,560,1291,.434,156,496,.315,235,324,.725,220,762,233,163,52,213,329
347,Wichita State NCAA,22,16,6,.727,9.29,6.84,,11,2,,10,2,,5,2,,1572,1469,,890,533,1326,.402,150,506,.296,253,371,.682,266,868,272,119,63,286,396
348,William & Mary,17,7,10,.412,-11.07,-3.83,,4,6,,1,3,,5,6,,1101,1224,,685,465,1026,.453,116,356,.326,178,244,.730,188,613,245,120,90,195,293
349,Winthrop NCAA,25,23,2,.920,4.86,-6.98,,17,1,,11,1,,10,0,,1972,1676,,1000,597,1384,.431,165,510,.324,317,476,.666,190,786,260,147,88,398,524
350,Wisconsin NCAA,31,18,13,.581,17.23,11.94,,10,10,,11,5,,5,6,,2167,2003,,1250,729,1726,.422,194,579,.335,351,491,.715,260,1084,385,135,115,356,501
351,Wofford,24,15,9,.625,1.90,-0.10,,12,5,,9,3,,6,4,,1784,1627,,965,599,1373,.436,195,580,.336,234,341,.686,215,779,290,154,67,311,375
352,Wright State,24,18,6,.750,7.01,-7.54,,16,4,,9,4,,9,2,,1967,1618,,965,615,1534,.401,154,504,.306,234,334,.701,244,791,272,172,51,290,465
353,Wyoming,25,14,11,.560,-0.99,-2.07,,5,9,,7,5,,4,5,,1915,1888,,1010,694,1452,.478,149,451,.330,351,492,.713,236,919,316,140,81,320,487
354,Xavier,21,13,8,.619,11.26,6.64,,6,7,,11,2,,2,5,,1571,1474,,850,541,1310,.413,165,488,.338,227,308,.737,222,768,308,116,58,241,341
355,Yale,0,0,0,,,,,0,0,,0,0,,0,0,,,,,,,,,,,,,,,,,,,,,
356,Youngstown State,27,15,12,.556,-9.67,-8.06,,9,11,,10,5,,5,7,,2010,1950,,1095,718,1569,.458,219,622,.352,295,411,.718,257,940,377,155,83,385,472
